{"cameraMode":{"drawMode":0,"name":"Shaded","section":"Shading Mode"},"sceneLighting":false,"audioPlay":false,"sceneViewState":{"showFog":true,"showMaterialUpdate":false,"showSkybox":true,"showFlares":true,"showImageEffects":true,"showParticleSystems":true},"in2DMode":false,"pivot":{"x":-1.0457630157470704,"y":1.8497328758239747,"z":3.3491251468658449},"rotation":{"x":0.11058969050645828,"y":-0.6742311716079712,"z":0.10314839333295822,"w":0.7228711843490601},"size":14.532259941101075,"orthographic":false}